epoch,time,train/box_loss,train/cls_loss,train/dfl_loss,metrics/precision(B),metrics/recall(B),metrics/mAP50(B),metrics/mAP50-95(B),val/box_loss,val/cls_loss,val/dfl_loss,lr/pg0,lr/pg1,lr/pg2
1,24.0528,0.91042,1.81892,1.45781,0.43106,0.46595,0.39346,0.18512,1.42139,2.63243,2.00003,0.000661578,0.000661578,0.000661578
2,46.3053,0.94828,1.37485,1.48751,0.49165,0.50179,0.44233,0.19497,1.62619,2.35718,2.13878,0.00106525,0.00106525,0.00106525
3,68.2447,0.91617,1.25474,1.46061,0.61622,0.60429,0.61275,0.27402,1.49521,1.97341,1.93085,0.00120493,0.00120493,0.00120493
4,89.9463,0.84411,1.12181,1.40051,0.60255,0.62489,0.56963,0.31739,1.32957,1.68606,1.73972,0.000812,0.000812,0.000812
5,111.548,0.7615,1.02252,1.35608,0.76543,0.69176,0.73968,0.53284,0.99912,1.10035,1.47275,0.000416,0.000416,0.000416
